,time,cloudCover,sunriseTime,sunsetTime,temperatureHigh,temperatureLow,temperatureMin,temperatureMax,visibility,longitude,latitude
30,1359586800.0,0.78,29939.0,62536.0,47.99,43.24,43.28,47.99,6.22,6.0221493,52.2132321
29,1359500400.0,0.84,30031.0,62424.0,54.4,43.43,46.86,54.79,5.96,6.0221493,52.2132321
28,1359414000.0,0.96,30121.0,62313.0,51.53,52.4,42.4,53.37,4.49,6.0221493,52.2132321
27,1359327600.0,0.7,30209.0,62202.0,43.25,40.31,35.39,43.25,6.03,6.0221493,52.2132321
26,1359241200.0,0.91,30295.0,62092.0,40.98,35.39,34.02,40.98,5.18,6.0221493,52.2132321
15,1358290800.0,0.92,31077.0,60944.0,24.33,21.47,18.17,24.44,2.41,6.0221493,52.2132321
14,1358204400.0,0.87,31132.0,60848.0,27.45,18.17,25.23,27.45,4.2,6.0221493,52.2132321
58,1362006000.0,0.92,26703.0,65679.0,39.52,35.69,33.28,39.52,4.71,6.0221493,52.2132321
57,1361919600.0,1.0,26835.0,65569.0,35.89,33.28,33.47,35.89,3.77,6.0221493,52.2132321
56,1361833200.0,0.99,26966.0,65460.0,39.58,33.47,35.06,39.58,2.09,6.0221493,52.2132321
53,1361574000.0,0.85,27353.0,65129.0,33.75,30.05,23.94,33.75,5.43,6.0221493,52.2132321
52,1361487600.0,0.82,27480.0,65018.0,32.07,23.94,25.65,32.07,6.19,6.0221493,52.2132321
51,1361401200.0,0.91,27606.0,64907.0,34.26,25.65,27.68,34.26,6.22,6.0221493,52.2132321
50,1361314800.0,0.73,27731.0,64795.0,34.65,27.68,27.75,34.65,6.22,6.0221493,52.2132321
49,1361228400.0,0.96,27855.0,64684.0,40.06,27.75,34.04,40.06,3.41,6.0221493,52.2132321
48,1361142000.0,0.95,27978.0,64571.0,42.88,34.04,31.3,42.88,4.42,6.0221493,52.2132321
47,1361055600.0,0.83,28100.0,64459.0,42.49,31.3,32.58,42.49,4.27,6.0221493,52.2132321
46,1360969200.0,0.97,28220.0,64346.0,44.22,33.22,37.89,44.22,1.97,6.0221493,52.2132321
45,1360882800.0,0.99,28339.0,64234.0,41.11,38.15,32.65,41.11,0.85,6.0221493,52.2132321
44,1360796400.0,0.83,28456.0,64121.0,33.23,31.61,27.16,33.23,3.99,6.0221493,52.2132321
43,1360710000.0,0.73,28573.0,64007.0,36.26,27.16,28.14,36.26,5.63,6.0221493,52.2132321
42,1360623600.0,0.87,28688.0,63894.0,33.65,29.13,28.95,33.65,6.22,6.0221493,52.2132321
41,1360537200.0,0.71,28801.0,63781.0,33.77,28.95,26.57,33.77,6.19,6.0221493,52.2132321
40,1360450800.0,0.63,28913.0,63667.0,34.99,26.57,28.81,34.99,4.87,6.0221493,52.2132321
39,1360364400.0,0.87,29023.0,63553.0,36.16,30.43,26.47,36.16,3.13,6.0221493,52.2132321
38,1360278000.0,0.93,29132.0,63440.0,37.06,26.47,31.56,37.06,4.9,6.0221493,52.2132321
37,1360191600.0,0.76,29239.0,63326.0,39.74,32.69,33.2,39.74,6.06,6.0221493,52.2132321
36,1360105200.0,0.69,29345.0,63213.0,40.56,33.2,32.93,40.56,4.84,6.0221493,52.2132321
34,1359932400.0,0.84,29550.0,62986.0,49.17,36.27,43.67,49.17,5.11,6.0221493,52.2132321
33,1359846000.0,0.85,29650.0,62873.0,41.28,42.42,35.45,43.76,5.58,6.0221493,52.2132321
32,1359759600.0,0.8,29748.0,62760.0,41.95,35.45,34.86,41.95,5.06,6.0221493,52.2132321
31,1359673200.0,0.93,29845.0,62648.0,43.95,36.14,36.32,45.32,5.85,6.0221493,52.2132321
89,1364684400.0,0.8,22399.0,68935.0,37.32,25.3,25.75,37.32,5.78,6.0221493,52.2132321
88,1364598000.0,0.89,22539.0,68832.0,39.08,25.75,27.73,39.08,4.24,6.0221493,52.2132321
87,1364511600.0,0.9,22679.0,68729.0,36.41,27.73,28.95,36.41,3.96,6.0221493,52.2132321
86,1364425200.0,0.73,22820.0,68626.0,37.21,29.33,26.59,37.21,5.86,6.0221493,52.2132321
85,1364338800.0,0.59,22960.0,68523.0,42.61,26.59,25.19,42.61,6.22,6.0221493,52.2132321
84,1364252400.0,0.55,23101.0,68420.0,41.05,25.19,25.91,41.05,6.22,6.0221493,52.2132321
83,1364166000.0,0.88,23242.0,68317.0,38.33,25.91,26.64,38.33,6.22,6.0221493,52.2132321
82,1364079600.0,0.96,23383.0,68214.0,36.44,26.64,24.43,36.44,6.22,6.0221493,52.2132321
81,1363993200.0,0.87,23525.0,68110.0,34.44,24.43,27.46,34.44,6.22,6.0221493,52.2132321
80,1363906800.0,0.76,23666.0,68007.0,37.2,29.45,27.52,37.2,5.33,6.0221493,52.2132321
79,1363820400.0,0.86,23807.0,67903.0,40.27,27.52,30.3,40.27,6.11,6.0221493,52.2132321
78,1363734000.0,0.97,23948.0,67800.0,35.32,31.49,32.62,35.32,5.56,6.0221493,52.2132321
77,1363647600.0,0.98,24089.0,67696.0,41.57,32.62,34.1,41.57,2.89,6.0221493,52.2132321
76,1363561200.0,0.79,24230.0,67592.0,50.8,34.1,38.16,50.8,5.85,6.0221493,52.2132321
75,1363474800.0,0.91,24370.0,67488.0,46.95,38.16,35.17,46.95,5.44,6.0221493,52.2132321
74,1363388400.0,0.89,24511.0,67384.0,46.14,35.17,34.54,46.14,6.22,6.0221493,52.2132321
73,1363302000.0,0.82,24651.0,67279.0,37.53,34.0,21.57,37.53,5.09,6.0221493,52.2132321
72,1363215600.0,0.7,24791.0,67174.0,37.87,21.57,25.47,37.87,6.01,6.0221493,52.2132321
71,1363129200.0,0.71,24931.0,67069.0,39.56,25.81,17.29,39.56,5.98,6.0221493,52.2132321
70,1363042800.0,0.83,25070.0,66964.0,31.81,17.29,22.23,31.81,6.22,6.0221493,52.2132321
69,1362956400.0,0.95,25209.0,66859.0,29.62,25.02,26.72,29.62,6.01,6.0221493,52.2132321
67,1362783600.0,0.95,25486.0,66647.0,41.04,32.04,37.39,41.1,3.91,6.0221493,52.2132321
66,1362697200.0,0.89,25623.0,66540.0,52.58,39.38,41.64,52.58,2.83,6.0221493,52.2132321
65,1362610800.0,0.89,25761.0,66434.0,50.87,44.24,43.54,50.87,5.8,6.0221493,52.2132321
64,1362524400.0,0.93,25897.0,66327.0,63.0,43.54,39.88,63.0,6.22,6.0221493,52.2132321
63,1362438000.0,0.58,26033.0,66220.0,60.62,39.88,34.97,60.62,6.22,6.0221493,52.2132321
62,1362351600.0,0.63,26169.0,66112.0,52.11,34.97,28.42,52.11,6.14,6.0221493,52.2132321
61,1362265200.0,0.91,26303.0,66004.0,42.5,28.42,32.85,42.5,5.1,6.0221493,52.2132321
60,1362178800.0,1.0,26437.0,65896.0,40.57,35.98,35.28,40.57,6.22,6.0221493,52.2132321
59,1362092400.0,0.98,26571.0,65787.0,40.63,35.28,36.29,40.63,4.63,6.0221493,52.2132321
119,1367272800.0,0.73,22085.0,75630.0,58.87,36.81,38.65,58.87,6.22,6.0221493,52.2132321
118,1367186400.0,0.7,22202.0,75527.0,55.37,38.65,39.34,55.37,6.22,6.0221493,52.2132321
117,1367100000.0,0.62,22320.0,75424.0,55.89,39.34,31.32,55.89,6.22,6.0221493,52.2132321
116,1367013600.0,0.8,22439.0,75321.0,52.05,31.32,38.06,52.05,5.94,6.0221493,52.2132321
115,1366927200.0,0.75,22559.0,75218.0,51.0,38.06,42.69,57.67,5.03,6.0221493,52.2132321
114,1366840800.0,0.82,22681.0,75115.0,73.95,49.96,50.38,73.95,5.89,6.0221493,52.2132321
113,1366754400.0,0.71,22804.0,75011.0,70.07,50.38,42.94,70.07,5.74,6.0221493,52.2132321
112,1366668000.0,0.89,22928.0,74908.0,58.86,42.94,47.04,58.86,5.47,6.0221493,52.2132321
111,1366581600.0,0.57,23053.0,74804.0,61.17,48.88,32.1,61.17,6.05,6.0221493,52.2132321
110,1366495200.0,0.7,23179.0,74700.0,60.05,32.1,33.63,60.05,6.22,6.0221493,52.2132321
109,1366408800.0,0.51,23306.0,74597.0,54.54,33.63,32.91,54.54,6.01,6.0221493,52.2132321
108,1366322400.0,0.68,23434.0,74493.0,52.13,32.91,42.08,52.13,6.16,6.0221493,52.2132321
107,1366236000.0,0.64,23563.0,74389.0,60.34,43.29,50.52,62.68,6.22,6.0221493,52.2132321
106,1366149600.0,0.77,23693.0,74285.0,69.64,53.68,48.1,69.64,4.58,6.0221493,52.2132321
105,1366063200.0,0.81,23823.0,74182.0,64.23,48.1,41.67,64.23,4.12,6.0221493,52.2132321
104,1365976800.0,0.76,23955.0,74078.0,62.58,41.67,49.83,62.58,5.24,6.0221493,52.2132321
103,1365890400.0,0.88,24087.0,73975.0,67.9,52.2,50.36,67.9,6.15,6.0221493,52.2132321
102,1365804000.0,0.92,24220.0,73871.0,57.97,50.36,43.12,57.97,5.47,6.0221493,52.2132321
101,1365717600.0,0.9,24354.0,73768.0,55.92,43.12,40.7,55.92,3.82,6.0221493,52.2132321
100,1365631200.0,0.87,24489.0,73664.0,51.13,40.7,35.99,51.13,3.31,6.0221493,52.2132321
99,1365544800.0,0.78,24624.0,73561.0,50.74,35.99,36.3,50.74,2.68,6.0221493,52.2132321
98,1365458400.0,0.81,24760.0,73458.0,52.05,41.11,36.11,52.05,4.59,6.0221493,52.2132321
97,1365372000.0,0.88,24896.0,73354.0,51.81,36.11,32.26,51.81,6.22,6.0221493,52.2132321
96,1365285600.0,0.67,25033.0,73251.0,52.15,32.26,28.74,52.15,4.86,6.0221493,52.2132321
95,1365199200.0,0.93,25170.0,73148.0,47.32,28.74,35.76,47.32,6.22,6.0221493,52.2132321
94,1365112800.0,1.0,25308.0,73045.0,45.05,35.76,34.3,45.05,6.22,6.0221493,52.2132321
93,1365026400.0,0.97,25447.0,72942.0,41.34,34.33,33.53,41.34,6.22,6.0221493,52.2132321
92,1364940000.0,0.59,25585.0,72839.0,45.79,33.53,30.72,45.79,6.22,6.0221493,52.2132321
91,1364853600.0,0.57,25725.0,72736.0,47.43,30.72,27.52,47.43,6.22,6.0221493,52.2132321
90,1364767200.0,0.55,25864.0,72633.0,45.19,27.52,25.3,45.19,6.06,6.0221493,52.2132321
150,1369951200.0,0.76,19369.0,78447.0,71.23,51.0,53.91,71.23,4.85,6.0221493,52.2132321
149,1369864800.0,0.95,19422.0,78376.0,62.45,53.91,50.9,62.45,4.37,6.0221493,52.2132321
148,1369778400.0,0.88,19478.0,78304.0,54.39,50.9,50.29,58.63,4.67,6.0221493,52.2132321
147,1369692000.0,0.54,19537.0,78230.0,72.76,50.29,45.76,72.76,6.22,6.0221493,52.2132321
146,1369605600.0,0.67,19598.0,78153.0,68.17,45.76,45.54,68.17,6.16,6.0221493,52.2132321
145,1369519200.0,0.95,19662.0,78075.0,54.21,45.54,46.3,54.21,5.92,6.0221493,52.2132321
144,1369432800.0,0.78,19728.0,77995.0,58.29,46.27,40.26,58.29,6.22,6.0221493,52.2132321
143,1369346400.0,0.65,19797.0,77914.0,57.48,40.26,35.58,57.48,5.23,6.0221493,52.2132321
142,1369260000.0,0.79,19868.0,77831.0,46.83,35.58,38.3,46.83,6.22,6.0221493,52.2132321
141,1369173600.0,0.79,19942.0,77746.0,52.72,38.3,42.96,52.72,5.33,6.0221493,52.2132321
140,1369087200.0,0.9,20018.0,77660.0,56.24,45.1,48.48,56.24,3.36,6.0221493,52.2132321
139,1369000800.0,0.9,20097.0,77573.0,56.06,49.95,50.49,56.06,4.24,6.0221493,52.2132321
138,1368914400.0,0.7,20178.0,77484.0,60.2,50.49,38.96,60.2,4.82,6.0221493,52.2132321
137,1368828000.0,0.91,20261.0,77394.0,53.58,38.96,46.58,53.58,5.44,6.0221493,52.2132321
136,1368741600.0,0.98,20346.0,77303.0,52.26,46.58,48.47,52.26,3.54,6.0221493,52.2132321
135,1368655200.0,0.84,20434.0,77210.0,58.22,48.47,43.94,58.22,5.19,6.0221493,52.2132321
134,1368568800.0,0.84,20523.0,77117.0,62.05,43.94,48.72,62.05,6.13,6.0221493,52.2132321
133,1368482400.0,0.77,20615.0,77022.0,54.51,48.72,44.74,54.51,6.07,6.0221493,52.2132321
132,1368396000.0,0.84,20709.0,76927.0,55.99,44.74,46.15,55.99,5.08,6.0221493,52.2132321
131,1368309600.0,0.86,20804.0,76831.0,56.7,46.15,43.88,56.7,6.22,6.0221493,52.2132321
130,1368223200.0,0.77,20901.0,76734.0,55.8,43.88,45.46,55.8,6.22,6.0221493,52.2132321
129,1368136800.0,0.85,21001.0,76636.0,57.6,45.46,47.42,57.6,6.22,6.0221493,52.2132321
128,1368050400.0,0.71,21102.0,76538.0,63.85,47.42,52.38,63.85,5.68,6.0221493,52.2132321
127,1367964000.0,0.89,21205.0,76439.0,71.57,53.62,56.95,71.57,4.18,6.0221493,52.2132321
126,1367877600.0,0.74,21309.0,76339.0,72.1,56.95,49.39,72.1,5.79,6.0221493,52.2132321
125,1367791200.0,0.57,21415.0,76239.0,76.45,49.39,44.53,76.45,5.95,6.0221493,52.2132321
124,1367704800.0,0.56,21523.0,76139.0,69.91,44.53,43.66,69.91,6.15,6.0221493,52.2132321
123,1367618400.0,0.55,21633.0,76038.0,65.23,43.66,41.17,65.23,6.15,6.0221493,52.2132321
122,1367532000.0,0.64,21744.0,75936.0,67.15,41.17,42.23,67.15,6.22,6.0221493,52.2132321
121,1367445600.0,0.83,21856.0,75834.0,63.05,42.23,43.57,63.05,6.22,6.0221493,52.2132321
120,1367359200.0,0.56,21970.0,75732.0,65.01,43.57,36.81,65.01,6.22,6.0221493,52.2132321
180,1372543200.0,0.79,19188.0,79309.0,70.62,58.07,46.53,70.62,6.22,6.0221493,52.2132321
179,1372456800.0,0.87,19150.0,79325.0,63.86,46.53,53.31,63.86,5.22,6.0221493,52.2132321
178,1372370400.0,0.86,19115.0,79338.0,60.49,55.66,50.36,60.49,4.46,6.0221493,52.2132321
177,1372284000.0,0.86,19082.0,79347.0,58.44,50.36,51.64,58.44,5.43,6.0221493,52.2132321
176,1372197600.0,0.68,19053.0,79353.0,63.32,51.64,44.16,63.32,6.22,6.0221493,52.2132321
175,1372111200.0,0.82,19026.0,79356.0,62.66,44.16,51.97,62.66,6.22,6.0221493,52.2132321
174,1372024800.0,0.83,19003.0,79356.0,60.77,52.17,54.74,60.77,5.73,6.0221493,52.2132321
173,1371938400.0,0.85,18982.0,79352.0,63.39,54.74,54.45,63.39,6.09,6.0221493,52.2132321
172,1371852000.0,0.9,18965.0,79346.0,69.28,54.45,58.95,69.28,6.0,6.0221493,52.2132321
171,1371765600.0,0.92,18950.0,79336.0,65.91,58.98,59.86,65.91,5.82,6.0221493,52.2132321
170,1371679200.0,0.84,18939.0,79323.0,73.43,62.04,62.43,73.43,4.61,6.0221493,52.2132321
169,1371592800.0,0.82,18931.0,79306.0,79.7,62.43,68.06,79.7,6.19,6.0221493,52.2132321
168,1371506400.0,0.57,18926.0,79287.0,89.95,68.06,58.56,89.95,6.22,6.0221493,52.2132321
167,1371420000.0,0.57,18924.0,79264.0,76.36,58.56,50.85,76.36,6.22,6.0221493,52.2132321
166,1371333600.0,0.77,18925.0,79239.0,68.98,50.85,51.89,68.98,6.22,6.0221493,52.2132321
165,1371247200.0,0.7,18930.0,79210.0,66.81,51.89,49.48,66.81,6.22,6.0221493,52.2132321
164,1371160800.0,0.87,18937.0,79178.0,67.59,49.48,54.43,67.59,6.22,6.0221493,52.2132321
163,1371074400.0,0.89,18948.0,79144.0,66.23,54.43,56.63,66.23,6.22,6.0221493,52.2132321
162,1370988000.0,0.92,18962.0,79106.0,70.88,63.68,60.63,70.88,6.22,6.0221493,52.2132321
161,1370901600.0,0.63,18979.0,79065.0,71.16,60.63,43.97,71.16,6.06,6.0221493,52.2132321
160,1370815200.0,0.66,18999.0,79022.0,65.74,43.97,45.36,65.74,6.22,6.0221493,52.2132321
159,1370728800.0,0.62,19023.0,78976.0,65.08,45.36,49.64,65.08,6.22,6.0221493,52.2132321
158,1370642400.0,0.47,19049.0,78927.0,72.04,49.64,50.57,72.04,6.22,6.0221493,52.2132321
157,1370556000.0,0.54,19079.0,78876.0,79.37,50.57,52.35,79.37,6.14,6.0221493,52.2132321
156,1370469600.0,0.46,19111.0,78822.0,79.25,52.35,50.77,79.25,6.22,6.0221493,52.2132321
155,1370383200.0,0.56,19147.0,78765.0,75.48,50.77,47.54,75.48,6.22,6.0221493,52.2132321
154,1370296800.0,0.66,19186.0,78706.0,72.96,47.54,45.73,72.96,6.22,6.0221493,52.2132321
153,1370210400.0,0.57,19227.0,78645.0,61.63,45.73,42.84,61.63,6.22,6.0221493,52.2132321
152,1370124000.0,0.61,19272.0,78581.0,63.58,42.84,42.16,63.58,5.49,6.0221493,52.2132321
151,1370037600.0,0.92,19319.0,78515.0,53.63,42.16,49.18,53.63,6.16,6.0221493,52.2132321
211,1375221600.0,0.82,21418.0,77404.0,71.75,65.91,62.58,71.75,5.44,6.0221493,52.2132321
210,1375135200.0,0.85,21325.0,77501.0,70.35,62.38,59.95,70.35,5.81,6.0221493,52.2132321
209,1375048800.0,0.59,21233.0,77597.0,76.91,59.95,59.03,76.91,6.22,6.0221493,52.2132321
208,1374962400.0,0.77,21142.0,77691.0,73.89,59.03,64.36,73.89,6.22,6.0221493,52.2132321
207,1374876000.0,0.69,21051.0,77782.0,79.59,64.57,63.84,79.59,5.86,6.0221493,52.2132321
206,1374789600.0,0.73,20962.0,77872.0,80.83,63.84,62.21,80.83,5.79,6.0221493,52.2132321
205,1374703200.0,0.68,20873.0,77959.0,84.84,62.21,57.11,84.84,5.78,6.0221493,52.2132321
204,1374616800.0,0.87,20786.0,78044.0,82.7,57.11,66.88,82.7,5.21,6.0221493,52.2132321
203,1374530400.0,0.67,20699.0,78127.0,92.11,67.74,66.1,92.11,6.22,6.0221493,52.2132321
202,1374444000.0,0.55,20614.0,78208.0,92.56,66.1,61.1,92.56,6.22,6.0221493,52.2132321
201,1374357600.0,0.46,20530.0,78286.0,88.2,61.1,57.88,88.2,6.22,6.0221493,52.2132321
200,1374271200.0,0.8,20448.0,78362.0,73.89,57.88,62.1,73.89,6.22,6.0221493,52.2132321
199,1374184800.0,0.54,20366.0,78436.0,79.16,62.1,57.73,79.16,6.06,6.0221493,52.2132321
198,1374098400.0,0.54,20287.0,78507.0,83.65,57.73,59.5,83.65,6.22,6.0221493,52.2132321
197,1374012000.0,0.87,20209.0,78575.0,79.24,59.5,59.94,79.24,6.22,6.0221493,52.2132321
196,1373925600.0,0.55,20132.0,78641.0,80.16,59.94,53.16,80.16,6.22,6.0221493,52.2132321
195,1373839200.0,0.55,20057.0,78704.0,79.58,53.16,53.8,79.58,6.22,6.0221493,52.2132321
194,1373752800.0,0.76,19984.0,78765.0,72.48,53.8,54.39,72.48,4.95,6.0221493,52.2132321
193,1373666400.0,0.7,19913.0,78823.0,72.95,54.39,49.64,72.95,6.03,6.0221493,52.2132321
192,1373580000.0,0.81,19844.0,78878.0,66.58,49.64,46.71,66.58,5.94,6.0221493,52.2132321
191,1373493600.0,0.76,19777.0,78930.0,66.78,46.71,53.53,66.78,6.22,6.0221493,52.2132321
190,1373407200.0,0.68,19711.0,78980.0,69.3,53.53,55.24,69.3,6.22,6.0221493,52.2132321
189,1373320800.0,0.47,19648.0,79026.0,77.74,55.24,54.32,77.74,6.22,6.0221493,52.2132321
188,1373234400.0,0.52,19588.0,79070.0,79.77,54.32,57.0,79.77,6.22,6.0221493,52.2132321
187,1373148000.0,0.44,19529.0,79111.0,80.56,57.0,56.64,80.56,6.22,6.0221493,52.2132321
186,1373061600.0,0.44,19473.0,79148.0,78.85,56.64,53.65,78.85,6.22,6.0221493,52.2132321
185,1372975200.0,0.86,19419.0,79183.0,73.96,53.65,60.93,73.96,5.49,6.0221493,52.2132321
184,1372888800.0,0.88,19367.0,79215.0,73.09,60.93,59.64,73.09,5.06,6.0221493,52.2132321
183,1372802400.0,0.9,19319.0,79243.0,66.59,59.64,58.92,66.59,5.69,6.0221493,52.2132321
182,1372716000.0,0.78,19272.0,79268.0,71.03,58.92,50.25,71.03,6.22,6.0221493,52.2132321
181,1372629600.0,0.83,19229.0,79290.0,67.76,50.25,57.13,67.76,6.14,6.0221493,52.2132321
242,1377900000.0,0.68,24453.0,73667.0,70.74,48.26,54.74,70.74,5.93,6.0221493,52.2132321
241,1377813600.0,0.51,24355.0,73803.0,74.08,59.47,51.82,74.08,5.82,6.0221493,52.2132321
240,1377727200.0,0.61,24256.0,73938.0,76.26,51.82,51.41,76.26,5.14,6.0221493,52.2132321
239,1377640800.0,0.71,24157.0,74073.0,76.56,51.41,53.92,76.56,6.22,6.0221493,52.2132321
238,1377554400.0,0.55,24059.0,74207.0,75.13,53.92,51.75,75.13,6.22,6.0221493,52.2132321
237,1377468000.0,0.51,23960.0,74340.0,75.21,51.75,54.42,75.21,6.22,6.0221493,52.2132321
236,1377381600.0,0.76,23861.0,74472.0,73.83,54.42,60.6,73.83,3.4,6.0221493,52.2132321
235,1377295200.0,0.74,23762.0,74604.0,77.94,60.6,58.95,77.94,5.51,6.0221493,52.2132321
234,1377208800.0,0.52,23663.0,74734.0,78.39,58.95,57.68,78.39,5.58,6.0221493,52.2132321
233,1377122400.0,0.56,23564.0,74864.0,75.85,57.68,52.95,75.85,6.11,6.0221493,52.2132321
232,1377036000.0,0.61,23465.0,74992.0,74.11,52.95,50.85,74.11,6.22,6.0221493,52.2132321
231,1376949600.0,0.76,23366.0,75120.0,69.79,50.85,49.29,69.79,5.46,6.0221493,52.2132321
230,1376863200.0,0.74,23267.0,75247.0,67.69,49.29,56.14,67.69,6.22,6.0221493,52.2132321
229,1376776800.0,0.71,23168.0,75372.0,74.01,58.15,59.4,74.01,5.84,6.0221493,52.2132321
228,1376690400.0,0.95,23069.0,75497.0,73.88,62.55,61.27,73.88,5.43,6.0221493,52.2132321
227,1376604000.0,0.64,22970.0,75620.0,81.55,61.27,57.64,81.55,6.14,6.0221493,52.2132321
226,1376517600.0,0.75,22871.0,75742.0,67.83,57.64,47.73,67.83,6.14,6.0221493,52.2132321
225,1376431200.0,0.65,22772.0,75863.0,70.91,47.73,48.22,70.91,6.22,6.0221493,52.2132321
224,1376344800.0,0.64,22673.0,75983.0,64.81,48.22,52.48,64.81,6.09,6.0221493,52.2132321
223,1376258400.0,0.77,22575.0,76101.0,69.4,52.48,56.88,69.4,5.55,6.0221493,52.2132321
222,1376172000.0,0.77,22477.0,76218.0,69.28,56.93,51.63,69.28,6.22,6.0221493,52.2132321
221,1376085600.0,0.83,22378.0,76334.0,68.79,51.63,55.7,68.79,5.52,6.0221493,52.2132321
220,1375999200.0,0.74,22281.0,76448.0,74.87,59.67,52.12,74.87,6.22,6.0221493,52.2132321
219,1375912800.0,0.69,22183.0,76560.0,71.75,52.12,56.61,71.75,5.64,6.0221493,52.2132321
218,1375826400.0,0.74,22086.0,76672.0,62.18,56.61,56.05,62.18,5.41,6.0221493,52.2132321
217,1375740000.0,0.74,21989.0,76781.0,72.14,56.05,61.91,72.14,6.22,6.0221493,52.2132321
216,1375653600.0,0.56,21893.0,76889.0,85.9,61.91,58.76,85.9,6.22,6.0221493,52.2132321
215,1375567200.0,0.57,21797.0,76996.0,80.31,58.76,55.18,80.31,6.22,6.0221493,52.2132321
214,1375480800.0,0.65,21701.0,77100.0,76.85,55.18,63.0,78.63,6.22,6.0221493,52.2132321
213,1375394400.0,0.53,21606.0,77203.0,96.16,67.88,64.84,96.16,6.22,6.0221493,52.2132321
212,1375308000.0,0.59,21512.0,77305.0,88.48,64.84,65.91,88.48,6.22,6.0221493,52.2132321
272,1380492000.0,0.6,27405.0,69438.0,60.88,38.88,42.8,60.88,6.22,6.0221493,52.2132321
271,1380405600.0,0.5,27305.0,69578.0,62.68,42.8,46.41,62.68,6.22,6.0221493,52.2132321
270,1380319200.0,0.38,27205.0,69720.0,62.75,46.41,40.02,62.75,6.22,6.0221493,52.2132321
269,1380232800.0,0.51,27106.0,69861.0,61.55,40.02,40.35,61.55,6.11,6.0221493,52.2132321
268,1380146400.0,0.86,27006.0,70003.0,58.61,40.35,47.91,58.61,4.9,6.0221493,52.2132321
267,1380060000.0,0.91,26907.0,70145.0,65.83,54.04,51.36,65.83,3.79,6.0221493,52.2132321
266,1379973600.0,0.92,26808.0,70287.0,64.47,51.36,54.48,64.47,2.85,6.0221493,52.2132321
265,1379887200.0,0.93,26709.0,70429.0,67.52,54.48,56.47,67.52,4.12,6.0221493,52.2132321
264,1379800800.0,0.92,26611.0,70572.0,67.49,57.16,53.32,67.49,5.17,6.0221493,52.2132321
263,1379714400.0,0.81,26512.0,70714.0,62.16,53.32,47.39,62.16,6.09,6.0221493,52.2132321
262,1379628000.0,0.92,26414.0,70857.0,61.15,47.39,53.87,61.15,5.56,6.0221493,52.2132321
261,1379541600.0,0.86,26316.0,70999.0,58.94,53.36,46.74,58.94,5.98,6.0221493,52.2132321
260,1379455200.0,0.87,26218.0,71142.0,59.79,46.74,47.35,59.79,4.76,6.0221493,52.2132321
259,1379368800.0,0.75,26120.0,71284.0,57.11,48.0,45.03,57.11,6.03,6.0221493,52.2132321
258,1379282400.0,0.69,26022.0,71427.0,58.74,45.03,45.18,58.74,5.79,6.0221493,52.2132321
257,1379196000.0,0.75,25924.0,71569.0,61.82,49.92,48.03,61.82,5.84,6.0221493,52.2132321
256,1379109600.0,0.88,25826.0,71711.0,64.53,48.03,54.21,64.53,4.45,6.0221493,52.2132321
255,1379023200.0,0.87,25728.0,71853.0,65.03,57.69,50.23,65.03,3.66,6.0221493,52.2132321
254,1378936800.0,0.84,25630.0,71995.0,64.14,50.23,52.74,64.14,4.89,6.0221493,52.2132321
253,1378850400.0,0.81,25532.0,72136.0,63.5,52.74,52.48,63.5,4.93,6.0221493,52.2132321
252,1378764000.0,0.86,25434.0,72278.0,59.28,52.48,50.64,59.28,5.13,6.0221493,52.2132321
251,1378677600.0,0.8,25336.0,72418.0,65.37,50.64,51.89,65.37,5.97,6.0221493,52.2132321
250,1378591200.0,0.92,25238.0,72559.0,65.51,51.89,54.56,65.51,4.49,6.0221493,52.2132321
249,1378504800.0,0.89,25141.0,72699.0,67.48,56.13,59.2,67.48,3.68,6.0221493,52.2132321
248,1378418400.0,0.58,25043.0,72839.0,86.38,59.29,62.86,86.38,5.77,6.0221493,52.2132321
247,1378332000.0,0.49,24944.0,72978.0,88.79,63.31,58.02,88.79,5.36,6.0221493,52.2132321
246,1378245600.0,0.58,24846.0,73117.0,79.03,58.02,60.74,79.03,6.01,6.0221493,52.2132321
245,1378159200.0,0.9,24748.0,73256.0,73.06,60.74,57.93,73.06,5.17,6.0221493,52.2132321
244,1378072800.0,0.87,24650.0,73393.0,66.36,57.93,56.13,66.36,6.22,6.0221493,52.2132321
243,1377986400.0,0.79,24552.0,73531.0,64.79,56.13,48.26,64.79,6.22,6.0221493,52.2132321
303,1383174000.0,0.78,27072.0,61815.0,56.03,50.08,43.01,56.03,6.22,6.0221493,52.2132321
302,1383087600.0,0.52,26963.0,61928.0,54.8,43.01,43.05,54.8,6.19,6.0221493,52.2132321
301,1383001200.0,0.74,26853.0,62043.0,55.48,43.05,46.24,55.48,6.22,6.0221493,52.2132321
300,1382914800.0,0.85,26744.0,62159.0,62.05,48.8,52.14,62.05,5.96,6.0221493,52.2132321
299,1382824800.0,0.75,30230.0,65881.0,59.01,54.12,56.21,59.18,6.09,6.0221493,52.2132321
298,1382738400.0,0.82,30121.0,66000.0,66.55,58.09,58.81,66.55,6.16,6.0221493,52.2132321
297,1382652000.0,0.96,30012.0,66120.0,63.34,58.81,45.88,63.34,6.22,6.0221493,52.2132321
296,1382565600.0,0.59,29904.0,66241.0,61.33,45.88,45.89,61.33,5.06,6.0221493,52.2132321
295,1382479200.0,0.78,29796.0,66364.0,65.15,49.34,55.8,65.15,6.22,6.0221493,52.2132321
294,1382392800.0,0.57,29688.0,66488.0,71.05,58.69,55.12,71.05,6.01,6.0221493,52.2132321
293,1382306400.0,0.76,29581.0,66613.0,63.79,55.12,53.82,63.79,6.22,6.0221493,52.2132321
292,1382220000.0,0.84,29474.0,66739.0,65.05,53.82,55.23,65.05,4.77,6.0221493,52.2132321
291,1382133600.0,0.87,29367.0,66866.0,62.1,55.23,46.79,62.1,6.01,6.0221493,52.2132321
290,1382047200.0,0.9,29260.0,66995.0,56.41,46.79,46.08,56.41,3.13,6.0221493,52.2132321
289,1381960800.0,0.75,29154.0,67124.0,60.18,46.08,47.87,60.18,5.59,6.0221493,52.2132321
288,1381874400.0,0.97,29049.0,67254.0,54.62,51.01,44.87,54.62,1.68,6.0221493,52.2132321
287,1381788000.0,0.79,28943.0,67385.0,52.34,44.87,46.36,52.34,4.22,6.0221493,52.2132321
286,1381701600.0,0.97,28838.0,67517.0,52.99,48.49,47.26,52.99,6.14,6.0221493,52.2132321
285,1381615200.0,0.85,28734.0,67650.0,48.24,46.39,44.97,48.24,4.43,6.0221493,52.2132321
284,1381528800.0,0.87,28629.0,67784.0,50.99,44.97,42.14,50.99,3.12,6.0221493,52.2132321
283,1381442400.0,0.9,28525.0,67918.0,47.43,42.14,42.76,47.43,4.24,6.0221493,52.2132321
282,1381356000.0,0.77,28422.0,68053.0,54.74,42.76,41.53,54.74,6.01,6.0221493,52.2132321
281,1381269600.0,0.9,28319.0,68189.0,60.35,41.53,49.98,60.35,4.17,6.0221493,52.2132321
280,1381183200.0,0.99,28216.0,68326.0,64.16,56.53,52.05,64.16,4.62,6.0221493,52.2132321
279,1381096800.0,0.69,28113.0,68463.0,63.92,52.05,44.51,63.92,4.26,6.0221493,52.2132321
278,1381010400.0,0.93,28011.0,68601.0,62.23,44.51,47.36,62.23,4.26,6.0221493,52.2132321
277,1380924000.0,0.89,27910.0,68739.0,65.9,47.36,52.78,65.9,4.35,6.0221493,52.2132321
276,1380837600.0,0.8,27808.0,68878.0,67.39,53.77,50.65,67.39,6.06,6.0221493,52.2132321
275,1380751200.0,0.57,27707.0,69017.0,63.84,50.65,41.08,63.84,6.22,6.0221493,52.2132321
274,1380664800.0,0.57,27606.0,69157.0,58.66,41.08,40.13,58.66,6.22,6.0221493,52.2132321
273,1380578400.0,0.43,27505.0,69297.0,60.87,40.13,38.88,60.87,6.22,6.0221493,52.2132321
333,1385766000.0,0.81,30178.0,59363.0,47.6,39.18,39.12,47.6,5.49,6.0221493,52.2132321
332,1385679600.0,0.85,30090.0,59408.0,46.38,39.12,39.97,46.38,6.07,6.0221493,52.2132321
331,1385593200.0,0.98,30000.0,59455.0,49.53,44.0,44.74,49.53,3.17,6.0221493,52.2132321
330,1385506800.0,0.9,29908.0,59506.0,45.81,44.01,35.95,45.81,3.09,6.0221493,52.2132321
329,1385420400.0,0.9,29815.0,59560.0,45.36,35.95,35.75,45.36,5.56,6.0221493,52.2132321
328,1385334000.0,0.82,29720.0,59617.0,45.21,35.32,35.32,45.21,6.22,6.0221493,52.2132321
327,1385247600.0,0.87,29624.0,59676.0,46.35,39.31,33.91,46.35,5.25,6.0221493,52.2132321
326,1385161200.0,0.94,29526.0,59738.0,44.41,33.63,33.63,44.41,6.01,6.0221493,52.2132321
325,1385074800.0,0.93,29427.0,59803.0,42.21,39.77,35.25,42.21,5.75,6.0221493,52.2132321
324,1384988400.0,0.84,29327.0,59871.0,40.46,35.11,34.69,40.46,6.06,6.0221493,52.2132321
323,1384902000.0,0.68,29226.0,59941.0,42.55,35.12,31.57,42.55,5.11,6.0221493,52.2132321
322,1384815600.0,0.97,29124.0,60014.0,46.76,31.57,38.63,46.76,4.33,6.0221493,52.2132321
321,1384729200.0,0.95,29020.0,60089.0,42.17,40.1,39.56,43.95,2.25,6.0221493,52.2132321
320,1384642800.0,0.98,28916.0,60167.0,45.37,39.56,40.56,45.37,1.65,6.0221493,52.2132321
319,1384556400.0,0.98,28811.0,60248.0,43.56,40.26,38.71,43.56,0.81,6.0221493,52.2132321
318,1384470000.0,0.78,28705.0,60330.0,50.26,38.65,38.65,50.26,4.42,6.0221493,52.2132321
317,1384383600.0,0.95,28599.0,60415.0,44.12,39.61,40.74,45.18,4.76,6.0221493,52.2132321
316,1384297200.0,0.59,28492.0,60502.0,50.93,39.57,35.3,50.93,4.17,6.0221493,52.2132321
315,1384210800.0,0.95,28384.0,60591.0,46.51,35.3,43.61,46.51,4.21,6.0221493,52.2132321
314,1384124400.0,0.69,28276.0,60683.0,48.59,43.61,33.62,48.59,5.96,6.0221493,52.2132321
313,1384038000.0,0.68,28168.0,60776.0,48.01,33.62,38.81,48.01,5.74,6.0221493,52.2132321
312,1383951600.0,0.73,28059.0,60872.0,50.7,40.85,44.19,50.7,5.9,6.0221493,52.2132321
311,1383865200.0,0.86,27950.0,60970.0,50.74,45.16,45.22,50.74,2.27,6.0221493,52.2132321
310,1383778800.0,0.85,27840.0,61069.0,54.94,45.41,49.24,56.69,5.17,6.0221493,52.2132321
309,1383692400.0,0.87,27731.0,61170.0,50.99,50.13,43.63,55.06,5.36,6.0221493,52.2132321
308,1383606000.0,0.77,27621.0,61273.0,45.97,43.63,40.41,47.14,5.73,6.0221493,52.2132321
307,1383519600.0,0.74,27511.0,61378.0,53.32,40.41,43.03,53.32,5.82,6.0221493,52.2132321
306,1383433200.0,0.78,27402.0,61485.0,51.11,44.6,44.6,51.22,6.16,6.0221493,52.2132321
305,1383346800.0,0.91,27292.0,61593.0,52.29,47.77,47.4,53.82,4.36,6.0221493,52.2132321
304,1383260400.0,0.94,27182.0,61703.0,55.57,47.4,50.08,55.57,6.22,6.0221493,52.2132321
364,1388444400.0,0.92,31585.0,59635.0,46.93,40.59,40.96,46.93,6.22,6.0221493,52.2132321
363,1388358000.0,0.69,31588.0,59576.0,43.75,41.8,36.45,43.83,6.22,6.0221493,52.2132321
362,1388271600.0,0.69,31588.0,59520.0,45.03,36.45,38.08,45.03,5.64,6.0221493,52.2132321
361,1388185200.0,0.87,31584.0,59468.0,46.8,39.76,41.69,47.19,5.43,6.0221493,52.2132321
360,1388098800.0,0.86,31576.0,59418.0,47.72,44.11,36.86,48.08,5.25,6.0221493,52.2132321
359,1388012400.0,0.91,31565.0,59372.0,44.41,36.86,36.67,44.41,5.53,6.0221493,52.2132321
358,1387926000.0,0.8,31551.0,59329.0,46.59,36.67,37.01,46.59,6.03,6.0221493,52.2132321
357,1387839600.0,0.96,31533.0,59289.0,52.68,44.77,45.3,53.25,6.22,6.0221493,52.2132321
356,1387753200.0,0.69,31511.0,59253.0,49.8,50.16,40.43,50.92,6.22,6.0221493,52.2132321
355,1387666800.0,0.92,31487.0,59219.0,49.93,40.43,42.99,49.93,6.09,6.0221493,52.2132321
354,1387580400.0,0.98,31459.0,59190.0,46.12,42.73,42.0,46.12,6.14,6.0221493,52.2132321
353,1387494000.0,0.59,31427.0,59163.0,45.56,41.41,37.52,45.56,4.9,6.0221493,52.2132321
352,1387407600.0,0.76,31393.0,59141.0,48.1,37.52,38.34,48.1,5.8,6.0221493,52.2132321
351,1387321200.0,0.86,31355.0,59121.0,48.55,43.9,41.37,48.55,6.09,6.0221493,52.2132321
350,1387234800.0,0.94,31313.0,59105.0,44.62,41.31,41.31,49.92,5.22,6.0221493,52.2132321
349,1387148400.0,0.82,31269.0,59093.0,53.58,43.63,44.9,53.58,6.22,6.0221493,52.2132321
348,1387062000.0,0.95,31221.0,59084.0,47.56,44.9,42.53,47.56,6.09,6.0221493,52.2132321
347,1386975600.0,0.83,31171.0,59079.0,44.78,40.6,34.36,44.78,3.86,6.0221493,52.2132321
346,1386889200.0,0.57,31117.0,59077.0,40.42,34.36,32.38,40.42,3.14,6.0221493,52.2132321
345,1386802800.0,0.85,31061.0,59079.0,41.12,32.38,34.83,41.12,2.6,6.0221493,52.2132321
344,1386716400.0,0.88,31001.0,59084.0,38.9,38.0,30.17,38.9,0.32,6.0221493,52.2132321
343,1386630000.0,0.62,30939.0,59092.0,48.08,30.17,35.59,48.08,3.56,6.0221493,52.2132321
342,1386543600.0,1.0,30874.0,59104.0,50.52,41.17,46.39,50.52,5.78,6.0221493,52.2132321
341,1386457200.0,0.95,30806.0,59120.0,47.74,47.75,42.39,48.07,5.14,6.0221493,52.2132321
340,1386370800.0,0.95,30736.0,59139.0,44.2,42.39,36.17,44.2,5.09,6.0221493,52.2132321
339,1386284400.0,0.77,30663.0,59161.0,39.59,36.17,34.84,39.59,6.22,6.0221493,52.2132321
338,1386198000.0,0.76,30588.0,59186.0,42.85,34.84,35.12,42.85,6.06,6.0221493,52.2132321
337,1386111600.0,0.85,30510.0,59215.0,44.88,35.12,35.32,44.88,2.69,6.0221493,52.2132321
336,1386025200.0,0.66,30430.0,59247.0,40.07,34.3,28.32,40.07,2.08,6.0221493,52.2132321
335,1385938800.0,0.81,30348.0,59283.0,46.13,28.55,33.73,46.13,5.02,6.0221493,52.2132321
334,1385852400.0,0.89,30264.0,59321.0,47.35,36.93,39.18,47.35,4.41,6.0221493,52.2132321
